eval,fitness,prey_move_cost,prey_forage_rate,pred_base_cost,pred_move_cost,pred_bite_reward,pred_transfer_eff,pred_digest_time,pred_repro_thresh,maturity_age,prey_cooldown,pred_cooldown,parent_energy_split,spawn_offset,heading_jitter,pred_density_k,newborn_hunt_cooldown,max_prey,max_pred,refugia_strength,part_spawn_rate,part_initial_mass,part_deposit_rate,part_pickup_rate,part_cell_capacity
1,-49003.666667,0.050000,0.100000,0.002000,0.028350,0.597173,0.612880,0.200000,0.500000,15.000000,4.000000,6.000000,0.700000,30.000000,0.329481,0.000000,0.500000,312.091821,1000.000000,0.500000,251.640100,0.002000,5.000000,0.100000,2.000000
2,-100000.000000,0.083795,0.020000,0.020000,0.080000,0.400000,0.600000,0.200000,0.950000,15.000000,15.640217,6.000000,0.700000,5.000000,0.000000,0.000000,0.500000,200.000000,1000.000000,1.303472,54.024971,0.013138,5.000000,0.100000,2.000000
3,-100000.000000,0.171421,0.020000,0.002000,0.057958,0.669434,1.000000,0.200000,0.950000,2.000000,6.726582,6.000000,0.700000,5.000000,0.220803,0.000000,0.500000,200.000000,40.000000,1.500000,20.000000,0.002000,2.972570,0.100000,2.000000
4,-100000.000000,0.050000,0.100000,0.020000,0.074283,0.800000,0.750349,0.200000,0.950000,10.541535,18.505853,6.000000,0.582508,6.103369,0.000000,153.548848,0.500000,200.000000,536.147981,0.500000,300.000000,0.002000,5.000000,0.228239,2.000000
5,-100000.000000,0.250000,0.063429,0.020000,0.010000,0.400000,0.819018,2.616170,0.859909,15.000000,20.000000,10.583903,0.700000,29.150639,0.000000,0.000000,1.431045,1973.421912,40.000000,0.500000,39.639438,0.002000,0.849668,0.868626,0.300000
6,-100000.000000,0.250000,0.100000,0.002000,0.043628,0.699487,0.600000,0.200000,0.921635,2.000000,4.000000,8.760889,0.553623,30.000000,0.969562,63.826365,0.500000,1002.443089,1000.000000,0.500000,300.000000,0.050000,1.509570,2.733644,2.000000
7,-60530.000000,0.050000,0.020000,0.002000,0.010000,0.800000,0.700420,3.000000,0.500000,15.000000,9.016493,6.000000,0.663304,30.000000,0.697866,216.182682,5.000000,200.000000,1000.000000,1.500000,187.444842,0.002000,0.500000,2.753780,0.300000
