eval,fitness,prey_move_cost,pred_move_cost,pred_bite_reward,pred_digest_time,pred_repro_thresh,prey_cooldown,pred_cooldown,parent_energy_split,spawn_offset,heading_jitter,pred_density_k,newborn_hunt_cooldown,refugia_strength,part_spawn_rate,part_initial_mass,part_deposit_rate,part_pickup_rate,part_cell_capacity,detritus_fraction,carcass_fraction,detritus_decay_rate,detritus_decay_eff,grazing_diet_cap,hunting_diet_floor,prey_density_k
1,-16144.209255,0.050000,0.080000,0.400000,1.632053,0.500000,4.000000,6.000000,0.700000,30.000000,0.000000,10.000000,4.659531,1.044279,300.000000,0.017064,0.500000,0.241143,0.967505,0.239963,0.749989,0.010000,0.750540,0.500000,0.828959,313.366076
2,-9217.938451,0.124333,0.010000,0.800000,0.200000,0.622371,10.022206,6.000000,0.700000,23.053480,0.262098,10.000000,1.050777,0.546726,300.000000,0.002000,0.500000,2.053773,2.000000,0.300000,0.538386,0.200000,0.300000,0.500000,0.660482,324.431871
3,-19464.909841,0.115216,0.080000,0.800000,0.721377,0.861918,4.000000,6.000000,0.528997,30.000000,1.000000,148.124785,5.000000,1.053921,20.000000,0.041016,4.210611,0.100000,1.419344,0.300000,0.900000,0.010000,0.300000,0.150000,0.591215,279.694897
